/*
SQLyog Ultimate v12.09 (64 bit)
MySQL - 10.1.21-MariaDB : Database - admin
*********************************************************************
*/

/*!40101 SET NAMES utf8 */;

/*!40101 SET SQL_MODE=''*/;

/*!40014 SET @OLD_UNIQUE_CHECKS=@@UNIQUE_CHECKS, UNIQUE_CHECKS=0 */;
/*!40014 SET @OLD_FOREIGN_KEY_CHECKS=@@FOREIGN_KEY_CHECKS, FOREIGN_KEY_CHECKS=0 */;
/*!40101 SET @OLD_SQL_MODE=@@SQL_MODE, SQL_MODE='NO_AUTO_VALUE_ON_ZERO' */;
/*!40111 SET @OLD_SQL_NOTES=@@SQL_NOTES, SQL_NOTES=0 */;
CREATE DATABASE /*!32312 IF NOT EXISTS*/`admin` /*!40100 DEFAULT CHARACTER SET utf8 */;

USE `admin`;

/*Table structure for table `tb_sys_log` */

DROP TABLE IF EXISTS `tb_sys_log`;

CREATE TABLE `tb_sys_log` (
  `id` int(11) NOT NULL AUTO_INCREMENT COMMENT '后台操作日志id',
  `user_id` int(11) DEFAULT NULL COMMENT '系统用户id',
  `class_name` varchar(255) COLLATE utf8_bin DEFAULT NULL COMMENT '类名',
  `method_name` varchar(255) COLLATE utf8_bin DEFAULT NULL COMMENT '方法名',
  `operate` varchar(20) COLLATE utf8_bin DEFAULT NULL COMMENT '操作方式(增删改查）',
  `type` varchar(5) COLLATE utf8_bin NOT NULL COMMENT '操作类型（PC,APP)',
  `ip_address` varchar(50) COLLATE utf8_bin DEFAULT NULL COMMENT 'ip地址',
  `model_name` varchar(50) COLLATE utf8_bin NOT NULL COMMENT '模块名称',
  `description` varchar(255) COLLATE utf8_bin DEFAULT NULL COMMENT '描述',
  `create_time` datetime NOT NULL COMMENT '创建时间',
  `update_time` datetime NOT NULL COMMENT '修改时间',
  PRIMARY KEY (`id`)
) ENGINE=MyISAM AUTO_INCREMENT=20446 DEFAULT CHARSET=utf8 COLLATE=utf8_bin;

/*Data for the table `tb_sys_log` */

insert  into `tb_sys_log`(`id`,`user_id`,`class_name`,`method_name`,`operate`,`type`,`ip_address`,`model_name`,`description`,`create_time`,`update_time`) values (20364,20,'com.unitoll.internetcms.module.controller.system.SysUserController','login','LOGIN','PC','127.0.0.1','系统用户管理','用户登录','2019-11-27 10:30:43','2019-11-27 10:30:43'),(20365,20,'com.unitoll.internetcms.module.controller.system.SysPermissionController','getNavTree','SELECT','PC','127.0.0.1','系统权限管理','根据用户获取权限树','2019-11-27 10:30:45','2019-11-27 10:30:45'),(20366,20,'com.unitoll.internetcms.module.controller.system.SysPermissionController','getNavTree','SELECT','PC','127.0.0.1','系统权限管理','根据用户获取权限树','2019-11-27 11:03:22','2019-11-27 11:03:22'),(20367,20,'com.unitoll.internetcms.module.controller.system.SysPermissionController','getNavTree','SELECT','PC','127.0.0.1','系统权限管理','根据用户获取权限树','2019-11-27 11:03:22','2019-11-27 11:03:22'),(20368,20,'com.unitoll.internetcms.module.controller.system.SysPermissionController','getNavTree','SELECT','PC','127.0.0.1','系统权限管理','根据用户获取权限树','2019-11-27 11:04:15','2019-11-27 11:04:15'),(20369,20,'com.unitoll.internetcms.module.controller.system.SysPermissionController','getNavTree','SELECT','PC','127.0.0.1','系统权限管理','根据用户获取权限树','2019-11-27 11:04:19','2019-11-27 11:04:19'),(20370,20,'com.unitoll.internetcms.module.controller.system.SysPermissionController','getNavTree','SELECT','PC','127.0.0.1','系统权限管理','根据用户获取权限树','2019-11-27 11:06:57','2019-11-27 11:06:57'),(20371,20,'com.unitoll.internetcms.module.controller.system.SysPermissionController','getNavTree','SELECT','PC','127.0.0.1','系统权限管理','根据用户获取权限树','2019-11-27 11:07:10','2019-11-27 11:07:10'),(20372,20,'com.unitoll.internetcms.module.controller.system.SysPermissionController','getNavTree','SELECT','PC','127.0.0.1','系统权限管理','根据用户获取权限树','2019-11-27 11:07:32','2019-11-27 11:07:32'),(20373,20,'com.unitoll.internetcms.module.controller.system.SysPermissionController','getNavTree','SELECT','PC','127.0.0.1','系统权限管理','根据用户获取权限树','2019-11-27 11:08:52','2019-11-27 11:08:52'),(20374,20,'com.unitoll.internetcms.module.controller.system.SysPermissionController','getNavTree','SELECT','PC','127.0.0.1','系统权限管理','根据用户获取权限树','2019-11-27 11:08:56','2019-11-27 11:08:56'),(20375,20,'com.unitoll.internetcms.module.controller.system.SysPermissionController','getNavTree','SELECT','PC','127.0.0.1','系统权限管理','根据用户获取权限树','2019-11-27 11:10:09','2019-11-27 11:10:09'),(20376,20,'com.unitoll.internetcms.module.controller.system.SysPermissionController','getNavTree','SELECT','PC','127.0.0.1','系统权限管理','根据用户获取权限树','2019-11-27 11:10:42','2019-11-27 11:10:42'),(20377,20,'com.unitoll.internetcms.module.controller.system.SysPermissionController','getNavTree','SELECT','PC','127.0.0.1','系统权限管理','根据用户获取权限树','2019-11-27 11:10:55','2019-11-27 11:10:55'),(20378,20,'com.unitoll.internetcms.module.controller.system.SysPermissionController','getNavTree','SELECT','PC','127.0.0.1','系统权限管理','根据用户获取权限树','2019-11-27 11:13:44','2019-11-27 11:13:44'),(20379,20,'com.unitoll.internetcms.module.controller.system.SysUserController','login','LOGIN','PC','127.0.0.1','系统用户管理','用户登录','2019-11-27 15:04:06','2019-11-27 15:04:06'),(20380,20,'com.unitoll.internetcms.module.controller.system.SysPermissionController','getNavTree','SELECT','PC','127.0.0.1','系统权限管理','根据用户获取权限树','2019-11-27 15:04:08','2019-11-27 15:04:08'),(20381,20,'com.unitoll.internetcms.module.controller.system.SysParamsController','getListByPage','SELECT','PC','127.0.0.1','系统参数管理','分页查询','2019-11-27 15:07:22','2019-11-27 15:07:22'),(20382,20,'com.unitoll.internetcms.module.controller.system.SysParamsController','getListByPage','SELECT','PC','127.0.0.1','系统参数管理','分页查询','2019-11-27 15:13:41','2019-11-27 15:13:41'),(20383,20,'com.unitoll.internetcms.module.controller.reportforms.DailyRechargeReportController','getListByPage','SELECT','PC','127.0.0.1','空充实收日报表','分页查询','2019-11-27 15:14:30','2019-11-27 15:14:30'),(20384,20,'com.unitoll.internetcms.module.controller.business.CheckaccountInfoController','getList','SELECT','PC','127.0.0.1','储值卡机构信息管理','查询全部列表','2019-11-27 15:14:30','2019-11-27 15:14:30'),(20385,1,'org.john.springbootadmin.module.controller.system.SysUserController','login','LOGIN','PC','127.0.0.1','系统用户管理','用户登录','2019-11-27 16:39:05','2019-11-27 16:39:05'),(20386,1,'org.john.springbootadmin.module.controller.system.SysUserController','login','LOGIN','PC','127.0.0.1','系统用户管理','用户登录','2019-11-27 16:45:21','2019-11-27 16:45:21'),(20387,1,'org.john.springbootadmin.module.controller.system.SysUserController','logout','LOGIN','PC','127.0.0.1','系统用户管理','退出登录','2019-11-27 16:45:28','2019-11-27 16:45:28'),(20388,1,'org.john.springbootadmin.module.controller.system.SysUserController','login','LOGIN','PC','127.0.0.1','系统用户管理','用户登录','2019-11-27 16:45:36','2019-11-27 16:45:36'),(20389,1,'org.john.springbootadmin.module.controller.system.SysUserController','login','LOGIN','PC','127.0.0.1','系统用户管理','用户登录','2019-11-28 10:59:49','2019-11-28 10:59:49'),(20390,1,'org.john.springbootadmin.module.controller.system.SysUserController','login','LOGIN','PC','127.0.0.1','系统用户管理','用户登录','2019-11-28 14:16:22','2019-11-28 14:16:22'),(20391,1,'org.john.springbootadmin.module.controller.system.SysUserController','login','LOGIN','PC','127.0.0.1','系统用户管理','用户登录','2019-11-28 14:52:46','2019-11-28 14:52:46'),(20392,1,'org.john.springbootadmin.module.controller.system.SysUserController','login','LOGIN','PC','127.0.0.1','系统用户管理','用户登录','2019-11-28 14:59:19','2019-11-28 14:59:19'),(20393,1,'org.john.springbootadmin.module.controller.system.SysUserController','login','LOGIN','PC','127.0.0.1','系统用户管理','用户登录','2019-11-28 15:58:37','2019-11-28 15:58:37'),(20394,1,'org.john.springbootadmin.module.controller.system.SysUserController','login','LOGIN','PC','127.0.0.1','系统用户管理','用户登录','2019-11-28 15:58:53','2019-11-28 15:58:53'),(20395,1,'org.john.springbootadmin.module.controller.system.SysUserController','login','LOGIN','PC','127.0.0.1','系统用户管理','用户登录','2019-12-03 23:35:16','2019-12-03 23:35:16'),(20396,1,'org.john.springbootadmin.module.controller.system.SysUserController','login','LOGIN','PC','127.0.0.1','系统用户管理','用户登录','2019-12-04 05:54:26','2019-12-04 05:54:26'),(20397,1,'org.john.springbootadmin.module.controller.system.SysUserController','login','LOGIN','PC','127.0.0.1','系统用户管理','用户登录','2019-12-04 09:44:01','2019-12-04 09:44:01'),(20398,1,'org.john.springbootadmin.module.controller.system.SysUserController','login','LOGIN','PC','127.0.0.1','系统用户管理','用户登录','2019-12-04 09:44:07','2019-12-04 09:44:07'),(20399,1,'org.john.springbootadmin.module.controller.system.SysUserController','login','LOGIN','PC','127.0.0.1','系统用户管理','用户登录','2019-12-04 09:48:02','2019-12-04 09:48:02'),(20400,1,'org.john.springbootadmin.module.controller.system.SysUserController','login','LOGIN','PC','127.0.0.1','系统用户管理','用户登录','2019-12-04 20:42:48','2019-12-04 20:42:48'),(20401,1,'org.john.springbootadmin.module.controller.system.SysUserController','login','LOGIN','PC','127.0.0.1','系统用户管理','用户登录','2019-12-04 20:45:04','2019-12-04 20:45:04'),(20402,1,'org.john.springbootadmin.module.controller.system.SysUserController','login','LOGIN','PC','127.0.0.1','系统用户管理','用户登录','2019-12-04 20:46:11','2019-12-04 20:46:11'),(20403,1,'org.john.springbootadmin.module.controller.system.SysUserController','login','LOGIN','PC','127.0.0.1','系统用户管理','用户登录','2019-12-04 20:47:13','2019-12-04 20:47:13'),(20404,1,'org.john.springbootadmin.module.controller.system.SysUserController','login','LOGIN','PC','127.0.0.1','系统用户管理','用户登录','2019-12-05 20:57:59','2019-12-05 20:57:59'),(20405,1,'org.john.springbootadmin.module.controller.system.SysUserController','login','LOGIN','PC','127.0.0.1','系统用户管理','用户登录','2019-12-05 23:46:09','2019-12-05 23:46:09'),(20409,1,'org.john.springbootadmin.module.controller.system.SysUserController','login','LOGIN','PC','127.0.0.1','系统用户管理','用户登录','2019-12-07 14:09:26','2019-12-07 14:09:26'),(20408,1,'org.john.springbootadmin.module.controller.system.SysUserController','login','LOGIN','PC','127.0.0.1','系统用户管理','用户登录','2019-12-07 13:29:07','2019-12-07 13:29:07'),(20410,1,'org.john.springbootadmin.module.controller.system.SysUserController','logout','LOGIN','PC','127.0.0.1','系统用户管理','退出登录','2019-12-07 14:24:00','2019-12-07 14:24:00'),(20411,1,'org.john.springbootadmin.module.controller.system.SysUserController','login','LOGIN','PC','127.0.0.1','系统用户管理','用户登录','2019-12-07 14:24:02','2019-12-07 14:24:02'),(20412,1,'org.john.springbootadmin.module.controller.system.SysUserController','logout','LOGIN','PC','127.0.0.1','系统用户管理','退出登录','2019-12-07 14:25:11','2019-12-07 14:25:11'),(20413,1,'org.john.springbootadmin.module.controller.system.SysUserController','login','LOGIN','PC','127.0.0.1','系统用户管理','用户登录','2019-12-07 14:25:13','2019-12-07 14:25:13'),(20414,1,'org.john.springbootadmin.module.controller.system.SysUserController','logout','LOGIN','PC','127.0.0.1','系统用户管理','退出登录','2019-12-07 14:26:30','2019-12-07 14:26:30'),(20415,1,'org.john.springbootadmin.module.controller.system.SysUserController','login','LOGIN','PC','127.0.0.1','系统用户管理','用户登录','2019-12-07 14:26:32','2019-12-07 14:26:32'),(20416,1,'org.john.springbootadmin.module.controller.system.SysUserController','login','LOGIN','PC','127.0.0.1','系统用户管理','用户登录','2019-12-08 09:53:51','2019-12-08 09:53:51'),(20417,1,'org.john.springbootadmin.module.controller.system.SysUserController','login','LOGIN','PC','127.0.0.1','系统用户管理','用户登录','2019-12-08 21:55:57','2019-12-08 21:55:57'),(20418,1,'org.john.springbootadmin.module.controller.system.SysUserController','logout','LOGIN','PC','127.0.0.1','系统用户管理','退出登录','2019-12-08 22:03:45','2019-12-08 22:03:45'),(20419,1,'org.john.springbootadmin.module.controller.system.SysUserController','login','LOGIN','PC','127.0.0.1','系统用户管理','用户登录','2019-12-08 22:05:57','2019-12-08 22:05:57'),(20420,1,'org.john.springbootadmin.module.controller.system.SysUserController','logout','LOGIN','PC','127.0.0.1','系统用户管理','退出登录','2019-12-08 22:06:04','2019-12-08 22:06:04'),(20421,1,'org.john.springbootadmin.module.controller.system.SysUserController','login','LOGIN','PC','127.0.0.1','系统用户管理','用户登录','2019-12-08 22:06:26','2019-12-08 22:06:26'),(20422,1,'org.john.springbootadmin.module.controller.system.SysUserController','login','LOGIN','PC','127.0.0.1','系统用户管理','用户登录','2019-12-08 22:08:18','2019-12-08 22:08:18'),(20423,1,'org.john.springbootadmin.module.controller.system.SysUserController','logout','LOGIN','PC','127.0.0.1','系统用户管理','退出登录','2019-12-08 22:08:29','2019-12-08 22:08:29'),(20424,1,'org.john.springbootadmin.module.controller.system.SysUserController','login','LOGIN','PC','127.0.0.1','系统用户管理','用户登录','2019-12-08 22:08:50','2019-12-08 22:08:50'),(20425,1,'org.john.springbootadmin.module.controller.system.SysUserController','logout','LOGIN','PC','127.0.0.1','系统用户管理','退出登录','2019-12-08 22:09:01','2019-12-08 22:09:01'),(20426,1,'org.john.springbootadmin.module.controller.system.SysUserController','login','LOGIN','PC','127.0.0.1','系统用户管理','用户登录','2019-12-08 22:09:16','2019-12-08 22:09:16'),(20427,1,'org.john.springbootadmin.module.controller.system.SysUserController','login','LOGIN','PC','127.0.0.1','系统用户管理','用户登录','2019-12-08 23:06:00','2019-12-08 23:06:00'),(20428,1,'org.john.springbootadmin.module.controller.system.SysUserController','logout','LOGIN','PC','127.0.0.1','系统用户管理','退出登录','2019-12-08 23:10:52','2019-12-08 23:10:52'),(20429,1,'org.john.springbootadmin.module.controller.system.SysUserController','login','LOGIN','PC','127.0.0.1','系统用户管理','用户登录','2019-12-08 23:10:55','2019-12-08 23:10:55'),(20430,1,'org.john.springbootadmin.module.controller.system.SysUserController','logout','LOGIN','PC','127.0.0.1','系统用户管理','退出登录','2019-12-08 23:29:30','2019-12-08 23:29:30'),(20431,1,'org.john.springbootadmin.module.controller.system.SysUserController','login','LOGIN','PC','127.0.0.1','系统用户管理','用户登录','2019-12-08 23:29:32','2019-12-08 23:29:32'),(20432,1,'org.john.springbootadmin.module.controller.system.SysUserController','logout','LOGIN','PC','127.0.0.1','系统用户管理','退出登录','2019-12-08 23:30:34','2019-12-08 23:30:34'),(20433,1,'org.john.springbootadmin.module.controller.system.SysUserController','login','LOGIN','PC','127.0.0.1','系统用户管理','用户登录','2019-12-08 23:30:36','2019-12-08 23:30:36'),(20434,1,'org.john.springbootadmin.module.controller.system.SysUserController','login','LOGIN','PC','127.0.0.1','系统用户管理','用户登录','2019-12-09 23:30:40','2019-12-09 23:30:40'),(20435,1,'org.john.springbootadmin.module.controller.system.SysUserController','login','LOGIN','PC','127.0.0.1','系统用户管理','用户登录','2019-12-10 00:03:19','2019-12-10 00:03:19'),(20436,1,'org.john.springbootadmin.module.controller.system.SysUserController','login','LOGIN','PC','127.0.0.1','系统用户管理','用户登录','2019-12-11 21:44:40','2019-12-11 21:44:40'),(20437,1,'org.john.springbootadmin.module.controller.system.SysUserController','login','LOGIN','PC','127.0.0.1','系统用户管理','用户登录','2019-12-11 22:33:49','2019-12-11 22:33:49'),(20438,1,'org.john.springbootadmin.module.controller.system.SysUserController','login','LOGIN','PC','127.0.0.1','系统用户管理','用户登录','2019-12-21 16:28:56','2019-12-21 16:28:56'),(20439,1,'org.john.springbootadmin.module.controller.system.SysUserController','logout','LOGIN','PC','127.0.0.1','系统用户管理','退出登录','2019-12-21 16:45:16','2019-12-21 16:45:16'),(20440,1,'org.john.springbootadmin.module.controller.system.SysUserController','login','LOGIN','PC','127.0.0.1','系统用户管理','用户登录','2019-12-21 16:45:43','2019-12-21 16:45:43'),(20441,1,'org.john.springbootadmin.module.controller.system.SysUserController','logout','LOGIN','PC','127.0.0.1','系统用户管理','退出登录','2019-12-21 16:46:38','2019-12-21 16:46:38'),(20442,1,'org.john.springbootadmin.module.controller.system.SysUserController','login','LOGIN','PC','127.0.0.1','系统用户管理','用户登录','2019-12-21 16:46:42','2019-12-21 16:46:42'),(20443,1,'org.john.springbootadmin.module.controller.system.SysUserController','login','LOGIN','PC','127.0.0.1','系统用户管理','用户登录','2019-12-22 12:39:59','2019-12-22 12:39:59'),(20444,1,'org.john.springbootadmin.module.controller.system.SysUserController','login','LOGIN','PC','127.0.0.1','系统用户管理','用户登录','2020-01-28 11:20:32','2020-01-28 11:20:32'),(20445,1,'org.john.springbootadmin.module.controller.system.SysUserController','login','LOGIN','PC','127.0.0.1','系统用户管理','用户登录','2020-02-03 19:26:15','2020-02-03 19:26:15');

/*Table structure for table `tb_sys_params` */

DROP TABLE IF EXISTS `tb_sys_params`;

CREATE TABLE `tb_sys_params` (
  `id` int(11) NOT NULL AUTO_INCREMENT COMMENT '参数id',
  `code` varchar(50) COLLATE utf8_bin NOT NULL COMMENT '系统编号',
  `value` varchar(255) COLLATE utf8_bin NOT NULL COMMENT '参数值',
  `name` varchar(50) COLLATE utf8_bin NOT NULL COMMENT '参数名称',
  `type` tinyint(1) DEFAULT '0' COMMENT '参数类型 0-缓存',
  `status` tinyint(1) NOT NULL DEFAULT '1' COMMENT '状态，1启动，0停用',
  `create_time` datetime NOT NULL COMMENT '创建时间',
  `update_time` datetime NOT NULL COMMENT '修改时间',
  PRIMARY KEY (`id`)
) ENGINE=MyISAM AUTO_INCREMENT=40 DEFAULT CHARSET=utf8 COLLATE=utf8_bin COMMENT='系统参数表';

/*Data for the table `tb_sys_params` */

insert  into `tb_sys_params`(`id`,`code`,`value`,`name`,`type`,`status`,`create_time`,`update_time`) values (38,'LOGIN_SESSION_TIME','28800','redis缓存8个小时',4,1,'2020-01-03 09:46:40','2019-12-04 09:46:50');

/*Table structure for table `tb_sys_permission` */

DROP TABLE IF EXISTS `tb_sys_permission`;

CREATE TABLE `tb_sys_permission` (
  `id` int(11) NOT NULL AUTO_INCREMENT COMMENT '权限id',
  `parent_id` int(11) NOT NULL DEFAULT '0' COMMENT '父模块id',
  `name` varchar(50) NOT NULL COMMENT '模块名称',
  `url` varchar(100) NOT NULL COMMENT '链接',
  `image_url` varchar(100) DEFAULT NULL COMMENT '图标地址',
  `priority` int(4) NOT NULL DEFAULT '1' COMMENT '排序',
  `type` tinyint(1) NOT NULL DEFAULT '1' COMMENT '权限类型，1功能,2按钮',
  `description` varchar(100) DEFAULT NULL COMMENT '描述',
  `grade` tinyint(1) NOT NULL DEFAULT '1' COMMENT '等级',
  `permission` varchar(50) DEFAULT NULL COMMENT '权限标识',
  `create_time` datetime NOT NULL COMMENT '创建时间',
  `update_time` datetime NOT NULL COMMENT '修改时间',
  PRIMARY KEY (`id`)
) ENGINE=MyISAM AUTO_INCREMENT=322 DEFAULT CHARSET=utf8;

/*Data for the table `tb_sys_permission` */

insert  into `tb_sys_permission`(`id`,`parent_id`,`name`,`url`,`image_url`,`priority`,`type`,`description`,`grade`,`permission`,`create_time`,`update_time`) values (5,0,'系统管理','JavaScript:void(0);',NULL,41,1,'系统管理',1,'','2019-04-28 16:17:26','2019-04-28 16:17:28'),(7,318,'编辑','JavaScript:void(0);',NULL,4111,2,'系统管理-系统管理-权限管理-编辑',3,'system:permission:update','2019-04-28 16:25:18','2019-04-28 16:25:20'),(8,318,'删除','JavaScript:void(0);',NULL,4112,2,'系统管理-系统管理-权限管理-删除',3,'system:permission:delete','2019-04-28 16:26:33','2019-04-28 16:26:35'),(9,5,'角色管理','../system/role/roleList.html',NULL,412,1,'系统管理-系统管理-角色管理',1,'','2019-12-08 23:09:09','2019-12-08 23:09:11'),(10,9,'新增','JavaScript:void(0);',NULL,4121,2,'系统管理-系统管理-角色管理-新增',3,'system:role:add','2019-04-28 16:31:09','2019-04-28 16:31:11'),(11,9,'编辑','JavaScript:void(0);',NULL,4122,2,'系统管理-系统管理-角色管理-编辑',3,'system:role:update','2019-04-28 16:31:45','2019-04-28 16:31:48'),(12,9,'删除','JavaScript:void(0);','',4123,2,'系统管理-系统管理-角色管理-删除',3,'system:role:delete','2019-04-28 16:41:52','2019-04-28 16:41:52'),(13,5,'用户管理','../system/user/userList.html','',2342,1,'系统管理-系统管理-用户管理',2,'','2019-04-28 18:03:11','2019-04-28 18:03:11'),(14,13,'新增','JavaScript:void(0);','',2342,2,'系统管理-系统管理-用户管理-新增',3,'system:user:add','2019-04-28 18:04:58','2019-04-28 18:04:58'),(15,13,'编辑','JavaScript:void(0);','',23453,2,'系统管理-系统管理-用户管理-编辑',3,'system:user:update','2019-04-28 18:05:27','2019-04-28 18:05:27'),(16,13,'删除','JavaScript:void(0);','',2352,2,'系统管理-系统管理-用户管理-删除',3,'system:user:delete','2019-04-28 18:06:16','2019-04-28 18:06:16'),(17,13,'启用停用','JavaScript:void(0);','',3453,2,'系统管理-系统管理-用户管理-启用停用',3,'system:user:startAndStop','2019-04-28 18:07:10','2019-04-28 18:07:10'),(18,5,'日志管理','../system/log/logList.html','',2325,1,'系统管理-系统管理-日志管理',2,'','2019-04-28 18:08:27','2019-04-28 18:08:27'),(19,5,'参数管理','../system/params/paramsList.html','',2352,1,'系统管理-系统管理-参数管理',2,'','2019-04-28 18:11:08','2019-04-28 18:11:08'),(20,19,'新增','JavaScript:void(0);','',1441,2,'系统管理-系统管理-参数管理-新增',3,'system:params:add','2019-04-28 18:12:17','2019-04-28 18:12:17'),(21,19,'编辑','JavaScript:void(0);','',5343,2,'系统管理-系统管理-参数管理-编辑',3,'system:params:update','2019-04-28 18:12:40','2019-04-28 18:12:40'),(22,19,'删除','JavaScript:void(0);','',23452,2,'系统管理-系统管理-参数管理-删除',3,'system:params:delete','2019-04-28 18:13:01','2019-04-28 18:13:01'),(317,318,'新增','JavaScript:void(0);',NULL,4112,2,'系统管理-系统管理-权限管理-新增',3,'system:permission:add','2019-12-07 14:23:36','2019-12-07 14:23:39'),(82,18,'删除','JavaScript:void(0);','',235,2,'系统管理-系统管理-日志管理-删除',3,'system:log:delete','2019-05-21 10:04:32','2019-05-21 10:04:32'),(83,18,'导出','JavaScript:void(0);','',432,2,'系统管理-系统管理-日志管理-导出',3,'system:log:export','2019-05-21 10:05:34','2019-05-21 10:05:34'),(318,5,'权限管理','../system/permission/permissionList.html','',2341,1,'系统管理-系统管理-权限管理',1,'','2019-12-08 23:02:45','2019-12-08 23:02:45'),(104,318,'查看','JavaScript:void(0);',NULL,1241,2,'系统管理-系统管理-权限管理-查看',3,'system:permission:select','2019-06-03 15:26:38','2019-06-03 15:26:40'),(105,9,'查看','JavaScript:void(0);',NULL,2341,2,'系统管理-系统管理-角色管理-查看',3,'system:role:select','2019-06-03 15:28:00','2019-06-03 15:28:04'),(106,13,'查看','JavaScript:void(0);',NULL,2341,2,'系统管理-系统管理-用户管理-查看',3,'system:user:select','2019-06-03 15:29:47','2019-06-03 15:29:49');

/*Table structure for table `tb_sys_role` */

DROP TABLE IF EXISTS `tb_sys_role`;

CREATE TABLE `tb_sys_role` (
  `id` int(11) NOT NULL AUTO_INCREMENT COMMENT '角色id',
  `name` varchar(20) NOT NULL COMMENT '角色名称',
  `description` varchar(50) DEFAULT NULL COMMENT '描述',
  `create_time` datetime NOT NULL COMMENT '创建时间',
  `update_time` datetime DEFAULT NULL COMMENT '修改时间',
  PRIMARY KEY (`id`)
) ENGINE=MyISAM AUTO_INCREMENT=38 DEFAULT CHARSET=utf8 COMMENT='系统角色表';

/*Data for the table `tb_sys_role` */

insert  into `tb_sys_role`(`id`,`name`,`description`,`create_time`,`update_time`) values (37,'21','12','2019-12-08 22:52:42','2019-12-08 22:52:42'),(29,'管理员','最高管理员','2019-05-10 15:21:21','2019-10-30 09:58:13'),(31,'管理员2','','2019-05-10 16:08:54','2019-05-10 16:08:54'),(32,'测试管理员','','2019-05-10 16:09:26','2019-05-10 16:09:26'),(34,'订单状态管理员','订单状态管理员','2019-11-11 15:46:13','2019-11-22 11:42:52'),(35,'深圳浦发审核','深圳浦发审核','2019-11-14 15:10:49','2019-11-15 10:10:26');

/*Table structure for table `tb_sys_role_permission` */

DROP TABLE IF EXISTS `tb_sys_role_permission`;

CREATE TABLE `tb_sys_role_permission` (
  `id` int(11) NOT NULL AUTO_INCREMENT COMMENT '角色权限ID',
  `role_id` int(32) NOT NULL COMMENT '角色ID',
  `permission_id` varchar(32) NOT NULL COMMENT '权限ID',
  `create_time` datetime NOT NULL COMMENT '创建时间',
  `update_time` datetime NOT NULL COMMENT '修改时间',
  PRIMARY KEY (`id`)
) ENGINE=MyISAM AUTO_INCREMENT=13160 DEFAULT CHARSET=utf8;

/*Data for the table `tb_sys_role_permission` */

insert  into `tb_sys_role_permission`(`id`,`role_id`,`permission_id`,`create_time`,`update_time`) values (2058,31,'1','2019-05-10 16:08:54','2019-05-10 16:08:54'),(2059,31,'31','2019-05-10 16:08:54','2019-05-10 16:08:54'),(2060,31,'32','2019-05-10 16:08:54','2019-05-10 16:08:54'),(2061,31,'33','2019-05-10 16:08:56','2019-05-10 16:08:56'),(2062,31,'2','2019-05-10 16:08:56','2019-05-10 16:08:56'),(2063,31,'34','2019-05-10 16:08:56','2019-05-10 16:08:56'),(2064,31,'35','2019-05-10 16:08:57','2019-05-10 16:08:57'),(2065,31,'37','2019-05-10 16:08:58','2019-05-10 16:08:58'),(2066,31,'38','2019-05-10 16:08:58','2019-05-10 16:08:58'),(2067,31,'39','2019-05-10 16:08:58','2019-05-10 16:08:58'),(2068,31,'36','2019-05-10 16:08:59','2019-05-10 16:08:59'),(2069,31,'40','2019-05-10 16:08:59','2019-05-10 16:08:59'),(2070,31,'41','2019-05-10 16:08:59','2019-05-10 16:08:59'),(2071,31,'42','2019-05-10 16:08:59','2019-05-10 16:08:59'),(2072,31,'43','2019-05-10 16:09:00','2019-05-10 16:09:00'),(2073,31,'48','2019-05-10 16:09:00','2019-05-10 16:09:00'),(2074,31,'44','2019-05-10 16:09:01','2019-05-10 16:09:01'),(2075,31,'45','2019-05-10 16:09:02','2019-05-10 16:09:02'),(2076,31,'46','2019-05-10 16:09:02','2019-05-10 16:09:02'),(2077,31,'47','2019-05-10 16:09:03','2019-05-10 16:09:03'),(2078,31,'58','2019-05-10 16:09:03','2019-05-10 16:09:03'),(2079,31,'59','2019-05-10 16:09:03','2019-05-10 16:09:03'),(2080,31,'60','2019-05-10 16:09:03','2019-05-10 16:09:03'),(2081,31,'61','2019-05-10 16:09:04','2019-05-10 16:09:04'),(2082,31,'62','2019-05-10 16:09:05','2019-05-10 16:09:05'),(2083,31,'67','2019-05-10 16:09:05','2019-05-10 16:09:05'),(2084,31,'68','2019-05-10 16:09:06','2019-05-10 16:09:06'),(2085,31,'69','2019-05-10 16:09:06','2019-05-10 16:09:06'),(2086,31,'70','2019-05-10 16:09:07','2019-05-10 16:09:07'),(2087,31,'71','2019-05-10 16:09:07','2019-05-10 16:09:07'),(2088,31,'72','2019-05-10 16:09:07','2019-05-10 16:09:07'),(2089,31,'4','2019-05-10 16:09:08','2019-05-10 16:09:08'),(2090,31,'5','2019-05-10 16:09:08','2019-05-10 16:09:08'),(2091,31,'6','2019-05-10 16:09:09','2019-05-10 16:09:09'),(2092,31,'7','2019-05-10 16:09:09','2019-05-10 16:09:09'),(2093,31,'8','2019-05-10 16:09:09','2019-05-10 16:09:09'),(2094,31,'9','2019-05-10 16:09:09','2019-05-10 16:09:09'),(2095,31,'10','2019-05-10 16:09:09','2019-05-10 16:09:09'),(2096,31,'11','2019-05-10 16:09:10','2019-05-10 16:09:10'),(2097,31,'12','2019-05-10 16:09:10','2019-05-10 16:09:10'),(2098,31,'13','2019-05-10 16:09:10','2019-05-10 16:09:10'),(2099,31,'14','2019-05-10 16:09:10','2019-05-10 16:09:10'),(2100,31,'15','2019-05-10 16:09:10','2019-05-10 16:09:10'),(2101,31,'16','2019-05-10 16:09:10','2019-05-10 16:09:10'),(2102,31,'17','2019-05-10 16:09:10','2019-05-10 16:09:10'),(2103,31,'18','2019-05-10 16:09:10','2019-05-10 16:09:10'),(2104,31,'19','2019-05-10 16:09:10','2019-05-10 16:09:10'),(2105,31,'20','2019-05-10 16:09:10','2019-05-10 16:09:10'),(2106,31,'21','2019-05-10 16:09:10','2019-05-10 16:09:10'),(2107,31,'22','2019-05-10 16:09:10','2019-05-10 16:09:10'),(2108,31,'53','2019-05-10 16:09:10','2019-05-10 16:09:10'),(2109,31,'54','2019-05-10 16:09:10','2019-05-10 16:09:10'),(2110,31,'55','2019-05-10 16:09:10','2019-05-10 16:09:10'),(2111,31,'56','2019-05-10 16:09:10','2019-05-10 16:09:10'),(2112,31,'57','2019-05-10 16:09:10','2019-05-10 16:09:10'),(2113,31,'23','2019-05-10 16:09:10','2019-05-10 16:09:10'),(2114,31,'24','2019-05-10 16:09:10','2019-05-10 16:09:10'),(2115,31,'25','2019-05-10 16:09:10','2019-05-10 16:09:10'),(2116,31,'26','2019-05-10 16:09:10','2019-05-10 16:09:10'),(2117,31,'27','2019-05-10 16:09:10','2019-05-10 16:09:10'),(2118,31,'28','2019-05-10 16:09:10','2019-05-10 16:09:10'),(2119,31,'29','2019-05-10 16:09:10','2019-05-10 16:09:10'),(2120,31,'30','2019-05-10 16:09:10','2019-05-10 16:09:10'),(2121,32,'4','2019-05-10 16:09:26','2019-05-10 16:09:26'),(2122,32,'5','2019-05-10 16:09:26','2019-05-10 16:09:26'),(2123,32,'6','2019-05-10 16:09:27','2019-05-10 16:09:27'),(2124,32,'7','2019-05-10 16:09:28','2019-05-10 16:09:28'),(2125,32,'8','2019-05-10 16:09:30','2019-05-10 16:09:30'),(2126,32,'9','2019-05-10 16:09:30','2019-05-10 16:09:30'),(2127,32,'10','2019-05-10 16:09:30','2019-05-10 16:09:30'),(2128,32,'11','2019-05-10 16:09:30','2019-05-10 16:09:30'),(2129,32,'12','2019-05-10 16:09:32','2019-05-10 16:09:32'),(2130,32,'13','2019-05-10 16:09:32','2019-05-10 16:09:32'),(2131,32,'14','2019-05-10 16:09:32','2019-05-10 16:09:32'),(2132,32,'15','2019-05-10 16:09:33','2019-05-10 16:09:33'),(2133,32,'16','2019-05-10 16:09:33','2019-05-10 16:09:33'),(2134,32,'17','2019-05-10 16:09:33','2019-05-10 16:09:33'),(2135,32,'18','2019-05-10 16:09:33','2019-05-10 16:09:33'),(2136,32,'19','2019-05-10 16:09:34','2019-05-10 16:09:34'),(2137,32,'20','2019-05-10 16:09:35','2019-05-10 16:09:35'),(2138,32,'21','2019-05-10 16:09:35','2019-05-10 16:09:35'),(2139,32,'22','2019-05-10 16:09:36','2019-05-10 16:09:36'),(2140,32,'53','2019-05-10 16:09:37','2019-05-10 16:09:37'),(2141,32,'54','2019-05-10 16:09:37','2019-05-10 16:09:37'),(2142,32,'55','2019-05-10 16:09:37','2019-05-10 16:09:37'),(2143,32,'56','2019-05-10 16:09:38','2019-05-10 16:09:38'),(2144,32,'57','2019-05-10 16:09:38','2019-05-10 16:09:38'),(13159,29,'318','2019-12-08 23:11:30','2019-12-08 23:11:33'),(13158,29,'317','2019-12-07 14:24:59','2019-12-07 14:25:01'),(11479,29,'1','2019-10-30 09:58:13','2019-10-30 09:58:13'),(11480,29,'31','2019-10-30 09:58:13','2019-10-30 09:58:13'),(11481,29,'32','2019-10-30 09:58:14','2019-10-30 09:58:14'),(11482,29,'33','2019-10-30 09:58:14','2019-10-30 09:58:14'),(11483,29,'2','2019-10-30 09:58:14','2019-10-30 09:58:14'),(11484,29,'34','2019-10-30 09:58:14','2019-10-30 09:58:14'),(11485,29,'35','2019-10-30 09:58:14','2019-10-30 09:58:14'),(11486,29,'37','2019-10-30 09:58:14','2019-10-30 09:58:14'),(11487,29,'38','2019-10-30 09:58:14','2019-10-30 09:58:14'),(11488,29,'39','2019-10-30 09:58:14','2019-10-30 09:58:14'),(11489,29,'101','2019-10-30 09:58:14','2019-10-30 09:58:14'),(11490,29,'36','2019-10-30 09:58:14','2019-10-30 09:58:14'),(11491,29,'40','2019-10-30 09:58:14','2019-10-30 09:58:14'),(11492,29,'41','2019-10-30 09:58:14','2019-10-30 09:58:14'),(11493,29,'42','2019-10-30 09:58:14','2019-10-30 09:58:14'),(11494,29,'102','2019-10-30 09:58:14','2019-10-30 09:58:14'),(11495,29,'43','2019-10-30 09:58:14','2019-10-30 09:58:14'),(11496,29,'48','2019-10-30 09:58:14','2019-10-30 09:58:14'),(11497,29,'44','2019-10-30 09:58:14','2019-10-30 09:58:14'),(11498,29,'45','2019-10-30 09:58:14','2019-10-30 09:58:14'),(11499,29,'46','2019-10-30 09:58:14','2019-10-30 09:58:14'),(11500,29,'47','2019-10-30 09:58:14','2019-10-30 09:58:14'),(11501,29,'218','2019-10-30 09:58:14','2019-10-30 09:58:14'),(11502,29,'58','2019-10-30 09:58:14','2019-10-30 09:58:14'),(11503,29,'59','2019-10-30 09:58:14','2019-10-30 09:58:14'),(11504,29,'60','2019-10-30 09:58:14','2019-10-30 09:58:14'),(11505,29,'61','2019-10-30 09:58:14','2019-10-30 09:58:14'),(11506,29,'62','2019-10-30 09:58:14','2019-10-30 09:58:14'),(11507,29,'67','2019-10-30 09:58:14','2019-10-30 09:58:14'),(11508,29,'68','2019-10-30 09:58:14','2019-10-30 09:58:14'),(11509,29,'69','2019-10-30 09:58:14','2019-10-30 09:58:14'),(11510,29,'70','2019-10-30 09:58:14','2019-10-30 09:58:14'),(11511,29,'71','2019-10-30 09:58:14','2019-10-30 09:58:14'),(11512,29,'72','2019-10-30 09:58:14','2019-10-30 09:58:14'),(11513,29,'75','2019-10-30 09:58:14','2019-10-30 09:58:14'),(11514,29,'76','2019-10-30 09:58:14','2019-10-30 09:58:14'),(11515,29,'77','2019-10-30 09:58:14','2019-10-30 09:58:14'),(11516,29,'78','2019-10-30 09:58:14','2019-10-30 09:58:14'),(11517,29,'79','2019-10-30 09:58:14','2019-10-30 09:58:14'),(11518,29,'80','2019-10-30 09:58:14','2019-10-30 09:58:14'),(11519,29,'81','2019-10-30 09:58:14','2019-10-30 09:58:14'),(11520,29,'103','2019-10-30 09:58:14','2019-10-30 09:58:14'),(11521,29,'4','2019-10-30 09:58:14','2019-10-30 09:58:14'),(11522,29,'5','2019-10-30 09:58:14','2019-10-30 09:58:14'),(11523,29,'6','2019-10-30 09:58:14','2019-10-30 09:58:14'),(11524,29,'7','2019-10-30 09:58:14','2019-10-30 09:58:14'),(11525,29,'8','2019-10-30 09:58:14','2019-10-30 09:58:14'),(11526,29,'104','2019-10-30 09:58:14','2019-10-30 09:58:14'),(11527,29,'9','2019-10-30 09:58:14','2019-10-30 09:58:14'),(11528,29,'10','2019-10-30 09:58:14','2019-10-30 09:58:14'),(11529,29,'11','2019-10-30 09:58:14','2019-10-30 09:58:14'),(11530,29,'12','2019-10-30 09:58:15','2019-10-30 09:58:15'),(11531,29,'105','2019-10-30 09:58:15','2019-10-30 09:58:15'),(11532,29,'257','2019-10-30 09:58:15','2019-10-30 09:58:15'),(11533,29,'13','2019-10-30 09:58:15','2019-10-30 09:58:15'),(11534,29,'14','2019-10-30 09:58:15','2019-10-30 09:58:15'),(11535,29,'15','2019-10-30 09:58:15','2019-10-30 09:58:15'),(11536,29,'16','2019-10-30 09:58:15','2019-10-30 09:58:15'),(11537,29,'17','2019-10-30 09:58:15','2019-10-30 09:58:15'),(11538,29,'106','2019-10-30 09:58:15','2019-10-30 09:58:15'),(11539,29,'18','2019-10-30 09:58:15','2019-10-30 09:58:15'),(11540,29,'82','2019-10-30 09:58:15','2019-10-30 09:58:15'),(11541,29,'83','2019-10-30 09:58:15','2019-10-30 09:58:15'),(11542,29,'19','2019-10-30 09:58:15','2019-10-30 09:58:15'),(11543,29,'20','2019-10-30 09:58:15','2019-10-30 09:58:15'),(11544,29,'21','2019-10-30 09:58:15','2019-10-30 09:58:15'),(11545,29,'22','2019-10-30 09:58:15','2019-10-30 09:58:15'),(11546,29,'53','2019-10-30 09:58:15','2019-10-30 09:58:15'),(11547,29,'54','2019-10-30 09:58:15','2019-10-30 09:58:15'),(11548,29,'55','2019-10-30 09:58:15','2019-10-30 09:58:15'),(11549,29,'56','2019-10-30 09:58:15','2019-10-30 09:58:15'),(11550,29,'57','2019-10-30 09:58:15','2019-10-30 09:58:15'),(11551,29,'84','2019-10-30 09:58:15','2019-10-30 09:58:15'),(11552,29,'85','2019-10-30 09:58:15','2019-10-30 09:58:15'),(11553,29,'86','2019-10-30 09:58:15','2019-10-30 09:58:15'),(11554,29,'87','2019-10-30 09:58:15','2019-10-30 09:58:15'),(11555,29,'88','2019-10-30 09:58:15','2019-10-30 09:58:15'),(11556,29,'263','2019-10-30 09:58:15','2019-10-30 09:58:15'),(11557,29,'264','2019-10-30 09:58:15','2019-10-30 09:58:15'),(11558,29,'265','2019-10-30 09:58:15','2019-10-30 09:58:15'),(11559,29,'266','2019-10-30 09:58:15','2019-10-30 09:58:15'),(11560,29,'258','2019-10-30 09:58:15','2019-10-30 09:58:15'),(11561,29,'259','2019-10-30 09:58:15','2019-10-30 09:58:15'),(11562,29,'260','2019-10-30 09:58:15','2019-10-30 09:58:15'),(11563,29,'261','2019-10-30 09:58:15','2019-10-30 09:58:15'),(11564,29,'262','2019-10-30 09:58:15','2019-10-30 09:58:15'),(11565,29,'23','2019-10-30 09:58:15','2019-10-30 09:58:15'),(11566,29,'24','2019-10-30 09:58:15','2019-10-30 09:58:15'),(11567,29,'25','2019-10-30 09:58:15','2019-10-30 09:58:15'),(11568,29,'109','2019-10-30 09:58:15','2019-10-30 09:58:15'),(11569,29,'200','2019-10-30 09:58:15','2019-10-30 09:58:15'),(11570,29,'26','2019-10-30 09:58:15','2019-10-30 09:58:15'),(11571,29,'115','2019-10-30 09:58:15','2019-10-30 09:58:15'),(11572,29,'214','2019-10-30 09:58:15','2019-10-30 09:58:15'),(11573,29,'27','2019-10-30 09:58:15','2019-10-30 09:58:15'),(11574,29,'116','2019-10-30 09:58:15','2019-10-30 09:58:15'),(11575,29,'117','2019-10-30 09:58:15','2019-10-30 09:58:15'),(11576,29,'28','2019-10-30 09:58:15','2019-10-30 09:58:15'),(11577,29,'29','2019-10-30 09:58:15','2019-10-30 09:58:15'),(11578,29,'113','2019-10-30 09:58:15','2019-10-30 09:58:15'),(11579,29,'212','2019-10-30 09:58:15','2019-10-30 09:58:15'),(11580,29,'30','2019-10-30 09:58:15','2019-10-30 09:58:15'),(11581,29,'110','2019-10-30 09:58:16','2019-10-30 09:58:16'),(11582,29,'111','2019-10-30 09:58:16','2019-10-30 09:58:16'),(11583,29,'227','2019-10-30 09:58:16','2019-10-30 09:58:16'),(11584,29,'228','2019-10-30 09:58:16','2019-10-30 09:58:16'),(11585,29,'229','2019-10-30 09:58:16','2019-10-30 09:58:16'),(11586,29,'238','2019-10-30 09:58:16','2019-10-30 09:58:16'),(11587,29,'239','2019-10-30 09:58:16','2019-10-30 09:58:16'),(11588,29,'240','2019-10-30 09:58:16','2019-10-30 09:58:16'),(11589,29,'230','2019-10-30 09:58:16','2019-10-30 09:58:16'),(11590,29,'244','2019-10-30 09:58:16','2019-10-30 09:58:16'),(11591,29,'245','2019-10-30 09:58:16','2019-10-30 09:58:16'),(11592,29,'246','2019-10-30 09:58:16','2019-10-30 09:58:16'),(11593,29,'247','2019-10-30 09:58:16','2019-10-30 09:58:16'),(11594,29,'231','2019-10-30 09:58:16','2019-10-30 09:58:16'),(11595,29,'236','2019-10-30 09:58:16','2019-10-30 09:58:16'),(11596,29,'237','2019-10-30 09:58:16','2019-10-30 09:58:16'),(11597,29,'235','2019-10-30 09:58:16','2019-10-30 09:58:16'),(11598,29,'241','2019-10-30 09:58:16','2019-10-30 09:58:16'),(11599,29,'242','2019-10-30 09:58:16','2019-10-30 09:58:16'),(11600,29,'243','2019-10-30 09:58:16','2019-10-30 09:58:16'),(11601,29,'232','2019-10-30 09:58:16','2019-10-30 09:58:16'),(11602,29,'233','2019-10-30 09:58:16','2019-10-30 09:58:16'),(11603,29,'251','2019-10-30 09:58:16','2019-10-30 09:58:16'),(11604,29,'252','2019-10-30 09:58:16','2019-10-30 09:58:16'),(11605,29,'253','2019-10-30 09:58:16','2019-10-30 09:58:16'),(11606,29,'254','2019-10-30 09:58:16','2019-10-30 09:58:16'),(11607,29,'255','2019-10-30 09:58:16','2019-10-30 09:58:16'),(11608,29,'234','2019-10-30 09:58:16','2019-10-30 09:58:16'),(11609,29,'248','2019-10-30 09:58:16','2019-10-30 09:58:16'),(11610,29,'249','2019-10-30 09:58:16','2019-10-30 09:58:16'),(11611,29,'250','2019-10-30 09:58:16','2019-10-30 09:58:16'),(11612,29,'294','2019-10-30 09:58:16','2019-10-30 09:58:16'),(11613,29,'282','2019-10-30 09:58:16','2019-10-30 09:58:16'),(11614,29,'279','2019-10-30 09:58:16','2019-10-30 09:58:16'),(11615,29,'280','2019-10-30 09:58:16','2019-10-30 09:58:16'),(11616,29,'281','2019-10-30 09:58:16','2019-10-30 09:58:16'),(11617,29,'293','2019-10-30 09:58:16','2019-10-30 09:58:16'),(11618,29,'296','2019-10-30 09:58:16','2019-10-30 09:58:16'),(11619,29,'288','2019-10-30 09:58:16','2019-10-30 09:58:16'),(11620,29,'289','2019-10-30 09:58:17','2019-10-30 09:58:17'),(11621,29,'290','2019-10-30 09:58:17','2019-10-30 09:58:17'),(11622,29,'295','2019-10-30 09:58:17','2019-10-30 09:58:17'),(11623,29,'307','2019-10-30 09:58:17','2019-10-30 09:58:17'),(11624,29,'267','2019-10-30 09:58:17','2019-10-30 09:58:17'),(11625,29,'268','2019-10-30 09:58:17','2019-10-30 09:58:17'),(11626,29,'269','2019-10-30 09:58:17','2019-10-30 09:58:17'),(11627,29,'270','2019-10-30 09:58:17','2019-10-30 09:58:17'),(11628,29,'271','2019-10-30 09:58:17','2019-10-30 09:58:17'),(11629,29,'272','2019-10-30 09:58:17','2019-10-30 09:58:17'),(11630,29,'273','2019-10-30 09:58:17','2019-10-30 09:58:17'),(11631,29,'274','2019-10-30 09:58:17','2019-10-30 09:58:17'),(11632,29,'275','2019-10-30 09:58:17','2019-10-30 09:58:17'),(11633,29,'276','2019-10-30 09:58:17','2019-10-30 09:58:17'),(11634,29,'277','2019-10-30 09:58:17','2019-10-30 09:58:17'),(11635,29,'278','2019-10-30 09:58:17','2019-10-30 09:58:17'),(11636,29,'284','2019-10-30 09:58:17','2019-10-30 09:58:17'),(11637,29,'286','2019-10-30 09:58:17','2019-10-30 09:58:17'),(11638,29,'287','2019-10-30 09:58:17','2019-10-30 09:58:17'),(13042,35,'1','2019-11-15 10:10:26','2019-11-15 10:10:26'),(13043,35,'31','2019-11-15 10:10:26','2019-11-15 10:10:26'),(13044,35,'32','2019-11-15 10:10:26','2019-11-15 10:10:26'),(13045,35,'33','2019-11-15 10:10:26','2019-11-15 10:10:26'),(13046,35,'227','2019-11-15 10:10:26','2019-11-15 10:10:26'),(13047,35,'228','2019-11-15 10:10:26','2019-11-15 10:10:26'),(13048,35,'229','2019-11-15 10:10:26','2019-11-15 10:10:26'),(13049,35,'238','2019-11-15 10:10:26','2019-11-15 10:10:26'),(13050,35,'239','2019-11-15 10:10:26','2019-11-15 10:10:26'),(13051,35,'240','2019-11-15 10:10:26','2019-11-15 10:10:26'),(13052,35,'230','2019-11-15 10:10:26','2019-11-15 10:10:26'),(13053,35,'244','2019-11-15 10:10:26','2019-11-15 10:10:26'),(13054,35,'245','2019-11-15 10:10:26','2019-11-15 10:10:26'),(13055,35,'246','2019-11-15 10:10:26','2019-11-15 10:10:26'),(13056,35,'247','2019-11-15 10:10:26','2019-11-15 10:10:26'),(13057,35,'231','2019-11-15 10:10:26','2019-11-15 10:10:26'),(13058,35,'236','2019-11-15 10:10:26','2019-11-15 10:10:26'),(13059,35,'237','2019-11-15 10:10:26','2019-11-15 10:10:26'),(13060,35,'235','2019-11-15 10:10:26','2019-11-15 10:10:26'),(13061,35,'241','2019-11-15 10:10:26','2019-11-15 10:10:26'),(13062,35,'242','2019-11-15 10:10:26','2019-11-15 10:10:26'),(13063,35,'243','2019-11-15 10:10:26','2019-11-15 10:10:26'),(13064,35,'232','2019-11-15 10:10:27','2019-11-15 10:10:27'),(13065,35,'233','2019-11-15 10:10:27','2019-11-15 10:10:27'),(13066,35,'251','2019-11-15 10:10:27','2019-11-15 10:10:27'),(13067,35,'252','2019-11-15 10:10:27','2019-11-15 10:10:27'),(13068,35,'253','2019-11-15 10:10:27','2019-11-15 10:10:27'),(13069,35,'254','2019-11-15 10:10:27','2019-11-15 10:10:27'),(13070,35,'255','2019-11-15 10:10:27','2019-11-15 10:10:27'),(13071,35,'234','2019-11-15 10:10:27','2019-11-15 10:10:27'),(13072,35,'248','2019-11-15 10:10:27','2019-11-15 10:10:27'),(13073,35,'249','2019-11-15 10:10:27','2019-11-15 10:10:27'),(13074,35,'250','2019-11-15 10:10:27','2019-11-15 10:10:27'),(13075,35,'294','2019-11-15 10:10:27','2019-11-15 10:10:27'),(13076,35,'282','2019-11-15 10:10:27','2019-11-15 10:10:27'),(13077,35,'279','2019-11-15 10:10:27','2019-11-15 10:10:27'),(13078,35,'280','2019-11-15 10:10:27','2019-11-15 10:10:27'),(13079,35,'281','2019-11-15 10:10:27','2019-11-15 10:10:27'),(13080,35,'293','2019-11-15 10:10:27','2019-11-15 10:10:27'),(13081,35,'296','2019-11-15 10:10:27','2019-11-15 10:10:27'),(13082,35,'288','2019-11-15 10:10:27','2019-11-15 10:10:27'),(13083,35,'289','2019-11-15 10:10:27','2019-11-15 10:10:27'),(13084,35,'290','2019-11-15 10:10:27','2019-11-15 10:10:27'),(13085,35,'295','2019-11-15 10:10:27','2019-11-15 10:10:27'),(13086,35,'307','2019-11-15 10:10:27','2019-11-15 10:10:27'),(13087,35,'308','2019-11-15 10:10:27','2019-11-15 10:10:27'),(13088,35,'309','2019-11-15 10:10:27','2019-11-15 10:10:27'),(13089,35,'310','2019-11-15 10:10:27','2019-11-15 10:10:27'),(13090,35,'311','2019-11-15 10:10:27','2019-11-15 10:10:27'),(13091,35,'312','2019-11-15 10:10:27','2019-11-15 10:10:27'),(13092,35,'291','2019-11-15 10:10:27','2019-11-15 10:10:27'),(13093,35,'292','2019-11-15 10:10:27','2019-11-15 10:10:27'),(13094,35,'297','2019-11-15 10:10:27','2019-11-15 10:10:27'),(13133,34,'1','2019-11-22 11:42:52','2019-11-22 11:42:52'),(13134,34,'31','2019-11-22 11:42:52','2019-11-22 11:42:52'),(13135,34,'32','2019-11-22 11:42:52','2019-11-22 11:42:52'),(13136,34,'33','2019-11-22 11:42:52','2019-11-22 11:42:52'),(13137,34,'227','2019-11-22 11:42:52','2019-11-22 11:42:52'),(13138,34,'232','2019-11-22 11:42:52','2019-11-22 11:42:52'),(13139,34,'233','2019-11-22 11:42:52','2019-11-22 11:42:52'),(13140,34,'251','2019-11-22 11:42:52','2019-11-22 11:42:52'),(13141,34,'313','2019-11-22 11:42:52','2019-11-22 11:42:52'),(13142,34,'315','2019-11-22 11:42:52','2019-11-22 11:42:52'),(13143,34,'234','2019-11-22 11:42:52','2019-11-22 11:42:52'),(13144,34,'248','2019-11-22 11:42:52','2019-11-22 11:42:52'),(13145,34,'314','2019-11-22 11:42:53','2019-11-22 11:42:53'),(13146,34,'316','2019-11-22 11:42:53','2019-11-22 11:42:53');

/*Table structure for table `tb_sys_user` */

DROP TABLE IF EXISTS `tb_sys_user`;

CREATE TABLE `tb_sys_user` (
  `id` int(11) NOT NULL AUTO_INCREMENT COMMENT '用户id',
  `username` varchar(20) NOT NULL COMMENT '登录名',
  `name` varchar(50) NOT NULL COMMENT '真实姓名',
  `password` varchar(32) NOT NULL COMMENT '密码',
  `sex` varchar(2) NOT NULL DEFAULT '1' COMMENT '性别，1男2女',
  `staff_no` varchar(20) DEFAULT NULL COMMENT '编号',
  `email` varchar(50) NOT NULL COMMENT '邮箱',
  `mobile_phone` varchar(20) NOT NULL COMMENT '手机号码',
  `status` tinyint(1) NOT NULL DEFAULT '1' COMMENT '是否禁用,0是，1否',
  `create_time` datetime NOT NULL COMMENT '创建时间',
  `update_time` datetime NOT NULL COMMENT '修改时间',
  `pass_update_time` datetime NOT NULL COMMENT '修改密码时间',
  PRIMARY KEY (`id`)
) ENGINE=MyISAM AUTO_INCREMENT=22 DEFAULT CHARSET=utf8 COMMENT='系统用户表';

/*Data for the table `tb_sys_user` */

insert  into `tb_sys_user`(`id`,`username`,`name`,`password`,`sex`,`staff_no`,`email`,`mobile_phone`,`status`,`create_time`,`update_time`,`pass_update_time`) values (1,'admin','admin_main','e10adc3949ba59abbe56e057f20f883e','2','1','45641@qq.com','18011962976',1,'2019-05-10 14:50:25','2019-11-06 16:46:30','2019-05-10 14:50:25'),(4,'?*    *','fasd','c56d39addca4fe7561121fa35ef8a823','1','afasd','212@qq.co','10000000000',1,'2019-05-06 10:59:14','2019-05-06 11:04:41','2019-05-06 10:59:14'),(5,'wqerq','qwerq','d74682ee47c3fffd5dcd749f840fcdd4','1','','erq@qq.com','10000000000',1,'2019-05-06 11:05:28','2019-05-06 11:05:28','2019-05-06 11:05:28'),(6,'erqwer','qwerq','83422503bcfc01d303030e8a7cc80efc','1','','rqwe@qq.co','10000000000',1,'2019-05-06 11:07:53','2019-05-16 17:12:59','2019-05-06 11:07:53'),(7,'qwer','qwer','202cb962ac59075b964b07152d234b70','1','','789@qq.co','10000000000',1,'2019-05-06 11:09:03','2019-09-26 16:46:12','2019-05-06 11:09:03'),(9,'admin3','admin3','e10adc3949ba59abbe56e057f20f883e','1','410928','121@qq.co','10000000000',1,'2019-05-06 11:16:33','2019-05-16 17:12:34','2019-05-06 11:16:33'),(16,'admin2','admin2','e10adc3949ba59abbe56e057f20f883e','1','222','111@qq.com','17610357700',1,'2019-05-10 16:08:18','2019-05-16 10:43:42','2019-05-10 16:08:18'),(20,'barry','barry','fc9302e5f4d5f90372e2948a11334461','2','01001','123qwe@163.com','18011962987',1,'2019-11-11 15:16:31','2019-12-07 00:43:07','2019-11-11 15:16:31');

/*Table structure for table `tb_sys_user_role` */

DROP TABLE IF EXISTS `tb_sys_user_role`;

CREATE TABLE `tb_sys_user_role` (
  `id` int(11) NOT NULL AUTO_INCREMENT COMMENT '用户角色ID',
  `user_id` int(11) NOT NULL COMMENT '用户ID',
  `role_id` int(11) NOT NULL COMMENT '角色ID',
  `create_time` datetime NOT NULL COMMENT '创建时间',
  `update_time` datetime NOT NULL COMMENT '修改时间',
  PRIMARY KEY (`id`)
) ENGINE=MyISAM AUTO_INCREMENT=197 DEFAULT CHARSET=utf8 COMMENT='系统用户角色关联表';

/*Data for the table `tb_sys_user_role` */

insert  into `tb_sys_user_role`(`id`,`user_id`,`role_id`,`create_time`,`update_time`) values (9,4,6,'2019-05-06 11:04:41','2019-05-06 11:04:41'),(10,5,6,'2019-05-06 11:05:28','2019-05-06 11:05:28'),(87,16,32,'2019-05-16 10:43:42','2019-05-16 10:43:42'),(88,9,31,'2019-05-16 17:12:34','2019-05-16 17:12:34'),(89,9,32,'2019-05-16 17:12:34','2019-05-16 17:12:34'),(90,9,29,'2019-05-16 17:12:34','2019-05-16 17:12:34'),(91,6,31,'2019-05-16 17:12:59','2019-05-16 17:12:59'),(102,1,29,'2019-09-05 13:09:15','2019-09-05 13:09:15'),(103,1,31,'2019-09-05 13:09:15','2019-09-05 13:09:15'),(104,1,32,'2019-09-05 13:09:15','2019-09-05 13:09:15'),(105,7,27,'2019-09-26 16:46:12','2019-09-26 16:46:12'),(196,20,34,'2019-12-07 00:43:07','2019-12-07 00:43:07');

/*!40101 SET SQL_MODE=@OLD_SQL_MODE */;
/*!40014 SET FOREIGN_KEY_CHECKS=@OLD_FOREIGN_KEY_CHECKS */;
/*!40014 SET UNIQUE_CHECKS=@OLD_UNIQUE_CHECKS */;
/*!40111 SET SQL_NOTES=@OLD_SQL_NOTES */;
